{"mean_train_f1": 0.9868222809083594, "std_train_f1": 0.0015790758162762815, "mean_test_f1": 0.9691131434990848, "std_test_f1": 0.026066309373101868, "mean_train_precision": 0.9871208255881172, "std_train_precision": 0.0020696548460625457, "mean_test_precision": 0.9673136856804531, "std_test_precision": 0.05418836089090656, "mean_train_recall": 0.9865253070996822, "std_train_recall": 0.0024889966594191437, "mean_test_recall": 0.9713928821272211, "std_test_recall": 0.011601866433098301, "mean_fit_time": 31.799230432510377, "std_fit_time": 0.7735937191742017}