{"mean_train_f1": 0.9948962797466082, "std_train_f1": 0.0031338404810198972, "mean_test_f1": 0.9897743922743922, "std_test_f1": 0.019215353935013613, "mean_train_precision": 0.9949043552325015, "std_train_precision": 0.005095903186990829, "mean_test_precision": 0.9899342948717949, "std_test_precision": 0.02478802287047292, "mean_train_recall": 0.9948962926669932, "std_train_recall": 0.005103805323246787, "mean_test_recall": 0.9897435897435898, "std_test_recall": 0.025122971720853128, "mean_fit_time": 0.5848096370697021, "std_fit_time": 0.04328453690191417}